,Name,Purpose
0,Cruz Inc,Fundamental intangible neural-net for extend visionary solutions
1,Barnes Ltd,Face-to-face context-sensitive capability for integrate sticky mindshare
2,"Guerrero, Fischer and Reyes",Intuitive uniform encryption for deploy back-end bandwidth
3,"Avila, Morales and Stanton",Total bifurcated portal for aggregate frictionless synergies
4,"Thompson, Caldwell and Molina",Centralized tertiary firmware for maximize compelling niches
5,Walton-Dixon,Progressive modular focus group for visualize B2C ROI
6,Boyd Ltd,Universal demand-driven Graphical User Interface for monetize enterprise methodologies
7,"Garcia, Myers and Rogers",Synchronized content-based monitoring for synthesize cutting-edge models
8,Oliver-Dickerson,Business-focused executive help-desk for grow cross-platform relationships
9,Mayer-Davis,Stand-alone transitional system engine for architect sticky deliverables
10,Hicks LLC,Profound tertiary encryption for synergize out-of-the-box portals
11,James-Deleon,Secured heuristic focus group for evolve e-business systems
12,"Lopez, King and Bowers",Optional cohesive neural-net for unleash open-source users
13,Newton Inc,Synergistic client-driven hierarchy for integrate next-generation mindshare
14,Hess LLC,Triple-buffered value-added customer loyalty for deploy sticky systems
15,"King, Delgado and Pena",Robust user-facing standardization for utilize one-to-one interfaces
16,Alexander-Moore,Grass-roots secondary benchmark for optimize user-centric deliverables
17,Wood PLC,Vision-oriented tertiary instruction set for streamline compelling ROI
18,Hernandez PLC,User-centric homogeneous application for whiteboard best-of-breed e-tailers
19,"Robinson, Reed and Ashley",Profit-focused even-keeled open architecture for harness innovative metrics
20,Hill-Trujillo,Down-sized leadingedge software for productize end-to-end e-tailers
21,Stokes and Sons,Mandatory motivating complexity for re-contextualize sexy platforms
22,"Gregory, Dawson and Davila",Synergized secondary task-force for facilitate visionary web services
23,Cannon LLC,Reduced asymmetric paradigm for integrate global content
24,"Bautista, Swanson and Vaughan",Horizontal multimedia matrix for engage out-of-the-box communities
25,Edwards LLC,Reduced intermediate conglomeration for iterate extensible architectures
26,"Miller, Sanders and Griffith",Cross-platform human-resource migration for orchestrate collaborative supply-chains
27,Sampson LLC,Re-contextualized content-based hierarchy for aggregate clicks-and-mortar vortals
28,"Donovan, Martinez and Houston",Re-engineered even-keeled framework for transform viral e-services
29,Blake-Lee,Reduced bottom-line pricing structure for repurpose end-to-end communities
30,Martin-Thomas,Horizontal coherent product for generate best-of-breed markets
31,Gray Ltd,Managed multimedia framework for incentivize cross-media schemas
32,Holmes-Jacobs,Cloned demand-driven Internet solution for engineer seamless initiatives
33,"Dixon, Calderon and Russell",Intuitive mission-critical protocol for benchmark visionary e-markets
34,Haney and Sons,Customer-focused motivating complexity for scale one-to-one initiatives
35,Rice and Sons,Enhanced regional infrastructure for monetize value-added e-tailers
36,Davis Group,Grass-roots 4thgeneration customer loyalty for engineer frictionless web-readiness
37,Skinner Ltd,Networked coherent firmware for implement dynamic supply-chains
38,Cardenas Inc,Cross-group discrete leverage for harness B2B applications
39,Haas-Davis,Networked web-enabled software for re-intermediate transparent infrastructures
40,Palmer-Williams,Realigned scalable model for utilize interactive e-markets
41,"Brown, Chambers and Santos",Customer-focused multimedia knowledge user for synthesize best-of-breed relationships
42,Horton-Carter,Progressive static toolset for engage clicks-and-mortar systems
43,"Smith, Dawson and Brooks",Business-focused cohesive protocol for orchestrate proactive vortals
44,Rodriguez and Sons,Programmable 24hour utilization for enhance front-end e-commerce
45,"Patterson, Suarez and Clark",Synchronized radical Internet solution for envisioneer viral technologies
46,"Allen, Sharp and Nguyen",Persevering local framework for facilitate extensible e-business
47,Lester-Floyd,Organized intermediate portal for facilitate visionary action-items
48,Henderson and Sons,Universal global definition for leverage best-of-breed e-commerce
49,"Smith, Manning and Floyd",Diverse zero-defect application for syndicate impactful channels
