Name,Purpose
Johnson and Sons.html, Public-key empowering methodology for incubate world-class interfaces
Prince PLC.html, Total mission-critical standardization for transition next-generation interfaces
Thomas and Sons.html, Grass-roots next generation Graphical User Interface for utilize front-end action-items
Morgan-Moreno.html, Total tangible architecture for reinvent revolutionary communities
Carlson-Carpenter.html, Configurable explicit architecture for optimize seamless info-mediaries
Gates Inc.html, Realigned static model for reinvent frictionless channels
Henderson Inc.html, Stand-alone 6thgeneration encryption for engage cutting-edge e-tailers
"Jones, Jones and Webb.html", Programmable national firmware for facilitate web-enabled networks
Hoffman Ltd.html, Self-enabling encompassing hardware for empower magnetic platforms
Bennett Inc.html, Diverse systemic extranet for iterate end-to-end channels
Montgomery PLC.html, Extended radical secured line for engage world-class technologies
"Russell, Cherry and Reynolds.html", Versatile motivating encryption for productize one-to-one interfaces
"Wolfe, Martinez and Alvarado.html", Vision-oriented didactic help-desk for unleash web-enabled users
Trevino-Wells.html, Persistent even-keeled matrix for envisioneer B2B e-services
"Hicks, Graham and Craig.html", Cloned 6thgeneration attitude for envisioneer dynamic synergies
"Mahoney, Cooper and Hernandez.html", Organized zero-defect conglomeration for harness impactful web services
Dean Ltd.html, Intuitive local synergy for drive integrated technologies
"Reese, Lynn and Smith.html", Synergistic 6thgeneration project for maximize real-time methodologies
Harper-Rubio.html, Team-oriented heuristic complexity for embrace enterprise interfaces
Moreno LLC.html, Reverse-engineered web-enabled parallelism for deliver value-added niches
Moore-Evans.html, Devolved responsive instruction set for iterate value-added mindshare
French-Daniel.html, Exclusive motivating monitoring for syndicate strategic paradigms
Hicks-Hayes.html, Phased dedicated paradigm for benchmark front-end e-tailers
Johnson-Washington.html, Organized encompassing definition for syndicate web-enabled niches
Lee and Sons.html, Stand-alone optimal strategy for engineer ubiquitous supply-chains
"Green, Holland and Bennett.html", Enhanced clear-thinking extranet for visualize killer e-markets
Wright PLC.html, Profit-focused web-enabled customer loyalty for extend collaborative paradigms
Garcia and Sons.html, Profit-focused encompassing infrastructure for grow seamless e-tailers
Shaw-Simmons.html, User-friendly discrete toolset for implement innovative networks
"Buchanan, Thompson and Frye.html", Sharable 6thgeneration attitude for synthesize back-end initiatives
Thompson-Roy.html, Public-key human-resource policy for reinvent extensible platforms
"Leach, Schwartz and Adams.html", Monitored eco-centric Local Area Network for streamline cross-media experiences
Gonzalez-Strickland.html, Realigned zero tolerance intranet for iterate collaborative applications
"Norman, Lindsey and Schmidt.html", Expanded responsive emulation for optimize 24/7 eyeballs
Gonzalez and Sons.html, Robust 3rdgeneration secured line for incubate global solutions
Mcdonald and Sons.html, Self-enabling logistical toolset for embrace user-centric schemas
Castillo Group.html, Configurable grid-enabled toolset for visualize viral systems
Bradley LLC.html, Integrated actuating open architecture for expedite B2B supply-chains
Miller-Smith.html, Multi-channeled human-resource conglomeration for integrate user-centric eyeballs
Winters Group.html, Switchable modular utilization for morph front-end platforms
"Mitchell, Olson and Alexander.html", Sharable local analyzer for whiteboard cutting-edge eyeballs
"Turner, Jackson and Santos.html", Inverse demand-driven firmware for deliver e-business relationships
Morrison and Sons.html, Mandatory disintermediate neural-net for envisioneer visionary markets
"Robertson, Powell and Wise.html", Phased 6thgeneration hierarchy for engage dynamic convergence
Briggs and Sons.html, Multi-layered web-enabled paradigm for syndicate cutting-edge applications
Williams-Phillips.html, Ergonomic local synergy for brand user-centric markets
Garcia LLC.html, Re-contextualized zero-defect matrices for expedite customized deliverables
Jacobson Ltd.html, Vision-oriented optimizing monitoring for synthesize next-generation relationships
"Harris, Young and Burns.html", Inverse stable interface for facilitate leading-edge e-business
Chambers Ltd.html, Organic high-level neural-net for repurpose revolutionary eyeballs
