name,purpose
Bruce Group,Organized 3rdgeneration migration for deploy leading-edge portals
Dunn LLC,Implemented mission-critical function for extend front-end niches
Harper-Boone,Open-source fault-tolerant knowledge user for embrace clicks-and-mortar e-services
"Cabrera, Levine and Underwood",Proactive analyzing Internet solution for engage web-enabled e-business
"Anderson, Stevens and Jensen",Pre-emptive high-level extranet for enhance value-added platforms
Roberts Ltd,Extended mission-critical intranet for matrix cross-media paradigms
Huerta and Sons,Intuitive discrete contingency for repurpose synergistic schemas
"Jackson, Holden and Gonzalez",Intuitive eco-centric productivity for iterate dot-com action-items
Roberts and Sons,Sharable 4thgeneration open system for transform cross-platform e-tailers
Simpson and Sons,Ameliorated encompassing website for expedite proactive platforms
Davidson Ltd,Object-based non-volatile protocol for deliver clicks-and-mortar e-services
"Vaughan, Calderon and Holland",Distributed maximized portal for cultivate cross-media convergence
Williamson-Johnson,Versatile upward-trending task-force for disintermediate clicks-and-mortar e-markets
Washington-Mccormick,Intuitive demand-driven project for deploy killer models
"Moore, Mcintyre and Campbell",Intuitive 24hour algorithm for drive out-of-the-box networks
Davis-Meyers,Public-key client-driven orchestration for engineer synergistic interfaces
Parker-Martinez,Profound background data-warehouse for harness value-added deliverables
Smith PLC,Open-source grid-enabled contingency for target enterprise info-mediaries
"Olson, Murray and Johnson",Synergistic 3rdgeneration extranet for repurpose 24/365 communities
Sullivan and Sons,User-centric mobile architecture for grow next-generation systems
Lopez-Russo,Future-proofed multimedia approach for scale revolutionary models
"Flores, Moore and Powell",Distributed radical structure for transition cross-media applications
"Gordon, Smith and Evans",User-friendly heuristic customer loyalty for implement bleeding-edge e-services
Phillips Group,Networked incremental hub for architect compelling communities
Lambert-Cook,Triple-buffered even-keeled ability for synthesize compelling vortals
Goodwin PLC,Enhanced methodical info-mediaries for re-intermediate strategic web-readiness
Spence PLC,Monitored client-server system engine for mesh 24/7 ROI
Doyle-Foley,Persistent maximized portal for morph 24/7 communities
Edwards Ltd,Reduced methodical hierarchy for target bricks-and-clicks e-markets
Brown-Ross,De-engineered systemic open system for engage distributed info-mediaries
Bauer Ltd,Cross-platform uniform archive for aggregate plug-and-play bandwidth
Johnson Ltd,Customer-focused logistical complexity for synergize customized portals
Weeks-Glass,Synchronized 4thgeneration collaboration for envisioneer distributed metrics
Powell-Hamilton,Enterprise-wide motivating circuit for reinvent proactive markets
Ray Group,Advanced mission-critical help-desk for reinvent one-to-one technologies
"White, Lewis and Chambers",Synergized web-enabled utilization for syndicate transparent partnerships
Hill-Martin,Proactive needs-based initiative for cultivate sexy paradigms
Juarez and Sons,Enterprise-wide non-volatile emulation for maximize robust vortals
Davis Group,Open-architected eco-centric knowledgebase for integrate virtual communities
Savage-Jones,Customer-focused even-keeled encryption for engage cross-platform e-markets
"Hill, Robbins and Cruz",Virtual contextually-based info-mediaries for iterate 24/365 info-mediaries
Smith-Russo,Quality-focused didactic portal for evolve robust channels
"Burke, Prince and Sanders",Synergized national protocol for architect next-generation convergence
"Logan, Thomas and Calhoun",Mandatory tangible intranet for productize global experiences
Coleman-Espinoza,Visionary human-resource capability for revolutionize turn-key interfaces
Patel Ltd,Profit-focused executive moderator for redefine magnetic deliverables
"Reynolds, Bell and Russell",Centralized clear-thinking portal for syndicate best-of-breed vortals
Brown Group,Object-based maximized groupware for deliver bricks-and-clicks niches
Wiggins-Wright,Intuitive incremental implementation for synergize dynamic functionalities
"Jenkins, Perez and Carrillo",Automated empowering knowledge user for integrate frictionless communities
